sequence,session_date,previous_session_date,explicit_contract_symbol,previous_window_start_new_york,previous_window_end_new_york,current_window_start_new_york,current_window_end_new_york,previous_export_path,current_export_path,final_relative_path,source,resolution,timestamp_timezone,required_columns,pretrimmed_to_allowed_windows
1,2020-01-22,2020-01-21,NQH20,2020-01-21 09:30:00,2020-01-21 15:59:00,2020-01-22 09:30:00,2020-01-22 09:35:00,data/EXP-025/quantower_export_staging/01_2020-01-22_NQH20_previous.csv,data/EXP-025/quantower_export_staging/01_2020-01-22_NQH20_current.csv,raw/01_2020-01-22_NQH20.csv,Lucid/Rithmic via Quantower History Exporter,1 minute,America/New_York,timestamp|open|high|low|close|volume|explicit_contract_symbol,true
2,2020-01-27,2020-01-24,NQH20,2020-01-24 09:30:00,2020-01-24 15:59:00,2020-01-27 09:30:00,2020-01-27 09:35:00,data/EXP-025/quantower_export_staging/02_2020-01-27_NQH20_previous.csv,data/EXP-025/quantower_export_staging/02_2020-01-27_NQH20_current.csv,raw/02_2020-01-27_NQH20.csv,Lucid/Rithmic via Quantower History Exporter,1 minute,America/New_York,timestamp|open|high|low|close|volume|explicit_contract_symbol,true
3,2020-06-16,2020-06-15,NQU20,2020-06-15 09:30:00,2020-06-15 15:59:00,2020-06-16 09:30:00,2020-06-16 09:35:00,data/EXP-025/quantower_export_staging/03_2020-06-16_NQU20_previous.csv,data/EXP-025/quantower_export_staging/03_2020-06-16_NQU20_current.csv,raw/03_2020-06-16_NQU20.csv,Lucid/Rithmic via Quantower History Exporter,1 minute,America/New_York,timestamp|open|high|low|close|volume|explicit_contract_symbol,true
4,2020-08-05,2020-08-04,NQU20,2020-08-04 09:30:00,2020-08-04 15:59:00,2020-08-05 09:30:00,2020-08-05 09:35:00,data/EXP-025/quantower_export_staging/04_2020-08-05_NQU20_previous.csv,data/EXP-025/quantower_export_staging/04_2020-08-05_NQU20_current.csv,raw/04_2020-08-05_NQU20.csv,Lucid/Rithmic via Quantower History Exporter,1 minute,America/New_York,timestamp|open|high|low|close|volume|explicit_contract_symbol,true
5,2020-09-04,2020-09-03,NQU20,2020-09-03 09:30:00,2020-09-03 15:59:00,2020-09-04 09:30:00,2020-09-04 09:35:00,data/EXP-025/quantower_export_staging/05_2020-09-04_NQU20_previous.csv,data/EXP-025/quantower_export_staging/05_2020-09-04_NQU20_current.csv,raw/05_2020-09-04_NQU20.csv,Lucid/Rithmic via Quantower History Exporter,1 minute,America/New_York,timestamp|open|high|low|close|volume|explicit_contract_symbol,true
6,2020-09-16,2020-09-15,NQZ20,2020-09-15 09:30:00,2020-09-15 15:59:00,2020-09-16 09:30:00,2020-09-16 09:35:00,data/EXP-025/quantower_export_staging/06_2020-09-16_NQZ20_previous.csv,data/EXP-025/quantower_export_staging/06_2020-09-16_NQZ20_current.csv,raw/06_2020-09-16_NQZ20.csv,Lucid/Rithmic via Quantower History Exporter,1 minute,America/New_York,timestamp|open|high|low|close|volume|explicit_contract_symbol,true
7,2020-10-29,2020-10-28,NQZ20,2020-10-28 09:30:00,2020-10-28 15:59:00,2020-10-29 09:30:00,2020-10-29 09:35:00,data/EXP-025/quantower_export_staging/07_2020-10-29_NQZ20_previous.csv,data/EXP-025/quantower_export_staging/07_2020-10-29_NQZ20_current.csv,raw/07_2020-10-29_NQZ20.csv,Lucid/Rithmic via Quantower History Exporter,1 minute,America/New_York,timestamp|open|high|low|close|volume|explicit_contract_symbol,true
8,2020-11-05,2020-11-04,NQZ20,2020-11-04 09:30:00,2020-11-04 15:59:00,2020-11-05 09:30:00,2020-11-05 09:35:00,data/EXP-025/quantower_export_staging/08_2020-11-05_NQZ20_previous.csv,data/EXP-025/quantower_export_staging/08_2020-11-05_NQZ20_current.csv,raw/08_2020-11-05_NQZ20.csv,Lucid/Rithmic via Quantower History Exporter,1 minute,America/New_York,timestamp|open|high|low|close|volume|explicit_contract_symbol,true
9,2020-11-10,2020-11-09,NQZ20,2020-11-09 09:30:00,2020-11-09 15:59:00,2020-11-10 09:30:00,2020-11-10 09:35:00,data/EXP-025/quantower_export_staging/09_2020-11-10_NQZ20_previous.csv,data/EXP-025/quantower_export_staging/09_2020-11-10_NQZ20_current.csv,raw/09_2020-11-10_NQZ20.csv,Lucid/Rithmic via Quantower History Exporter,1 minute,America/New_York,timestamp|open|high|low|close|volume|explicit_contract_symbol,true
10,2021-01-28,2021-01-27,NQH21,2021-01-27 09:30:00,2021-01-27 15:59:00,2021-01-28 09:30:00,2021-01-28 09:35:00,data/EXP-025/quantower_export_staging/10_2021-01-28_NQH21_previous.csv,data/EXP-025/quantower_export_staging/10_2021-01-28_NQH21_current.csv,raw/10_2021-01-28_NQH21.csv,Lucid/Rithmic via Quantower History Exporter,1 minute,America/New_York,timestamp|open|high|low|close|volume|explicit_contract_symbol,true
11,2021-05-19,2021-05-18,NQM21,2021-05-18 09:30:00,2021-05-18 15:59:00,2021-05-19 09:30:00,2021-05-19 09:35:00,data/EXP-025/quantower_export_staging/11_2021-05-19_NQM21_previous.csv,data/EXP-025/quantower_export_staging/11_2021-05-19_NQM21_current.csv,raw/11_2021-05-19_NQM21.csv,Lucid/Rithmic via Quantower History Exporter,1 minute,America/New_York,timestamp|open|high|low|close|volume|explicit_contract_symbol,true
12,2021-06-04,2021-06-03,NQM21,2021-06-03 09:30:00,2021-06-03 15:59:00,2021-06-04 09:30:00,2021-06-04 09:35:00,data/EXP-025/quantower_export_staging/12_2021-06-04_NQM21_previous.csv,data/EXP-025/quantower_export_staging/12_2021-06-04_NQM21_current.csv,raw/12_2021-06-04_NQM21.csv,Lucid/Rithmic via Quantower History Exporter,1 minute,America/New_York,timestamp|open|high|low|close|volume|explicit_contract_symbol,true
13,2021-06-15,2021-06-14,NQM21,2021-06-14 09:30:00,2021-06-14 15:59:00,2021-06-15 09:30:00,2021-06-15 09:35:00,data/EXP-025/quantower_export_staging/13_2021-06-15_NQM21_previous.csv,data/EXP-025/quantower_export_staging/13_2021-06-15_NQM21_current.csv,raw/13_2021-06-15_NQM21.csv,Lucid/Rithmic via Quantower History Exporter,1 minute,America/New_York,timestamp|open|high|low|close|volume|explicit_contract_symbol,true
14,2021-06-17,2021-06-16,NQU21,2021-06-16 09:30:00,2021-06-16 15:59:00,2021-06-17 09:30:00,2021-06-17 09:35:00,data/EXP-025/quantower_export_staging/14_2021-06-17_NQU21_previous.csv,data/EXP-025/quantower_export_staging/14_2021-06-17_NQU21_current.csv,raw/14_2021-06-17_NQU21.csv,Lucid/Rithmic via Quantower History Exporter,1 minute,America/New_York,timestamp|open|high|low|close|volume|explicit_contract_symbol,true
15,2021-10-15,2021-10-14,NQZ21,2021-10-14 09:30:00,2021-10-14 15:59:00,2021-10-15 09:30:00,2021-10-15 09:35:00,data/EXP-025/quantower_export_staging/15_2021-10-15_NQZ21_previous.csv,data/EXP-025/quantower_export_staging/15_2021-10-15_NQZ21_current.csv,raw/15_2021-10-15_NQZ21.csv,Lucid/Rithmic via Quantower History Exporter,1 minute,America/New_York,timestamp|open|high|low|close|volume|explicit_contract_symbol,true
16,2021-12-14,2021-12-13,NQH22,2021-12-13 09:30:00,2021-12-13 15:59:00,2021-12-14 09:30:00,2021-12-14 09:35:00,data/EXP-025/quantower_export_staging/16_2021-12-14_NQH22_previous.csv,data/EXP-025/quantower_export_staging/16_2021-12-14_NQH22_current.csv,raw/16_2021-12-14_NQH22.csv,Lucid/Rithmic via Quantower History Exporter,1 minute,America/New_York,timestamp|open|high|low|close|volume|explicit_contract_symbol,true
17,2022-02-17,2022-02-16,NQH22,2022-02-16 09:30:00,2022-02-16 15:59:00,2022-02-17 09:30:00,2022-02-17 09:35:00,data/EXP-025/quantower_export_staging/17_2022-02-17_NQH22_previous.csv,data/EXP-025/quantower_export_staging/17_2022-02-17_NQH22_current.csv,raw/17_2022-02-17_NQH22.csv,Lucid/Rithmic via Quantower History Exporter,1 minute,America/New_York,timestamp|open|high|low|close|volume|explicit_contract_symbol,true
18,2022-08-17,2022-08-16,NQU22,2022-08-16 09:30:00,2022-08-16 15:59:00,2022-08-17 09:30:00,2022-08-17 09:35:00,data/EXP-025/quantower_export_staging/18_2022-08-17_NQU22_previous.csv,data/EXP-025/quantower_export_staging/18_2022-08-17_NQU22_current.csv,raw/18_2022-08-17_NQU22.csv,Lucid/Rithmic via Quantower History Exporter,1 minute,America/New_York,timestamp|open|high|low|close|volume|explicit_contract_symbol,true
19,2022-10-14,2022-10-13,NQZ22,2022-10-13 09:30:00,2022-10-13 15:59:00,2022-10-14 09:30:00,2022-10-14 09:35:00,data/EXP-025/quantower_export_staging/19_2022-10-14_NQZ22_previous.csv,data/EXP-025/quantower_export_staging/19_2022-10-14_NQZ22_current.csv,raw/19_2022-10-14_NQZ22.csv,Lucid/Rithmic via Quantower History Exporter,1 minute,America/New_York,timestamp|open|high|low|close|volume|explicit_contract_symbol,true
20,2023-01-04,2023-01-03,NQH23,2023-01-03 09:30:00,2023-01-03 15:59:00,2023-01-04 09:30:00,2023-01-04 09:35:00,data/EXP-025/quantower_export_staging/20_2023-01-04_NQH23_previous.csv,data/EXP-025/quantower_export_staging/20_2023-01-04_NQH23_current.csv,raw/20_2023-01-04_NQH23.csv,Lucid/Rithmic via Quantower History Exporter,1 minute,America/New_York,timestamp|open|high|low|close|volume|explicit_contract_symbol,true
21,2023-02-08,2023-02-07,NQH23,2023-02-07 09:30:00,2023-02-07 15:59:00,2023-02-08 09:30:00,2023-02-08 09:35:00,data/EXP-025/quantower_export_staging/21_2023-02-08_NQH23_previous.csv,data/EXP-025/quantower_export_staging/21_2023-02-08_NQH23_current.csv,raw/21_2023-02-08_NQH23.csv,Lucid/Rithmic via Quantower History Exporter,1 minute,America/New_York,timestamp|open|high|low|close|volume|explicit_contract_symbol,true
22,2023-02-22,2023-02-21,NQH23,2023-02-21 09:30:00,2023-02-21 15:59:00,2023-02-22 09:30:00,2023-02-22 09:35:00,data/EXP-025/quantower_export_staging/22_2023-02-22_NQH23_previous.csv,data/EXP-025/quantower_export_staging/22_2023-02-22_NQH23_current.csv,raw/22_2023-02-22_NQH23.csv,Lucid/Rithmic via Quantower History Exporter,1 minute,America/New_York,timestamp|open|high|low|close|volume|explicit_contract_symbol,true
23,2023-02-24,2023-02-23,NQH23,2023-02-23 09:30:00,2023-02-23 15:59:00,2023-02-24 09:30:00,2023-02-24 09:35:00,data/EXP-025/quantower_export_staging/23_2023-02-24_NQH23_previous.csv,data/EXP-025/quantower_export_staging/23_2023-02-24_NQH23_current.csv,raw/23_2023-02-24_NQH23.csv,Lucid/Rithmic via Quantower History Exporter,1 minute,America/New_York,timestamp|open|high|low|close|volume|explicit_contract_symbol,true
24,2023-04-20,2023-04-19,NQM23,2023-04-19 09:30:00,2023-04-19 15:59:00,2023-04-20 09:30:00,2023-04-20 09:35:00,data/EXP-025/quantower_export_staging/24_2023-04-20_NQM23_previous.csv,data/EXP-025/quantower_export_staging/24_2023-04-20_NQM23_current.csv,raw/24_2023-04-20_NQM23.csv,Lucid/Rithmic via Quantower History Exporter,1 minute,America/New_York,timestamp|open|high|low|close|volume|explicit_contract_symbol,true
25,2023-06-22,2023-06-21,NQU23,2023-06-21 09:30:00,2023-06-21 15:59:00,2023-06-22 09:30:00,2023-06-22 09:35:00,data/EXP-025/quantower_export_staging/25_2023-06-22_NQU23_previous.csv,data/EXP-025/quantower_export_staging/25_2023-06-22_NQU23_current.csv,raw/25_2023-06-22_NQU23.csv,Lucid/Rithmic via Quantower History Exporter,1 minute,America/New_York,timestamp|open|high|low|close|volume|explicit_contract_symbol,true
26,2023-07-06,2023-07-05,NQU23,2023-07-05 09:30:00,2023-07-05 15:59:00,2023-07-06 09:30:00,2023-07-06 09:35:00,data/EXP-025/quantower_export_staging/26_2023-07-06_NQU23_previous.csv,data/EXP-025/quantower_export_staging/26_2023-07-06_NQU23_current.csv,raw/26_2023-07-06_NQU23.csv,Lucid/Rithmic via Quantower History Exporter,1 minute,America/New_York,timestamp|open|high|low|close|volume|explicit_contract_symbol,true
27,2023-09-21,2023-09-20,NQZ23,2023-09-20 09:30:00,2023-09-20 15:59:00,2023-09-21 09:30:00,2023-09-21 09:35:00,data/EXP-025/quantower_export_staging/27_2023-09-21_NQZ23_previous.csv,data/EXP-025/quantower_export_staging/27_2023-09-21_NQZ23_current.csv,raw/27_2023-09-21_NQZ23.csv,Lucid/Rithmic via Quantower History Exporter,1 minute,America/New_York,timestamp|open|high|low|close|volume|explicit_contract_symbol,true
28,2024-01-31,2024-01-30,NQH24,2024-01-30 09:30:00,2024-01-30 15:59:00,2024-01-31 09:30:00,2024-01-31 09:35:00,data/EXP-025/quantower_export_staging/28_2024-01-31_NQH24_previous.csv,data/EXP-025/quantower_export_staging/28_2024-01-31_NQH24_current.csv,raw/28_2024-01-31_NQH24.csv,Lucid/Rithmic via Quantower History Exporter,1 minute,America/New_York,timestamp|open|high|low|close|volume|explicit_contract_symbol,true
29,2024-05-03,2024-05-02,NQM24,2024-05-02 09:30:00,2024-05-02 15:59:00,2024-05-03 09:30:00,2024-05-03 09:35:00,data/EXP-025/quantower_export_staging/29_2024-05-03_NQM24_previous.csv,data/EXP-025/quantower_export_staging/29_2024-05-03_NQM24_current.csv,raw/29_2024-05-03_NQM24.csv,Lucid/Rithmic via Quantower History Exporter,1 minute,America/New_York,timestamp|open|high|low|close|volume|explicit_contract_symbol,true
30,2024-07-08,2024-07-05,NQU24,2024-07-05 09:30:00,2024-07-05 15:59:00,2024-07-08 09:30:00,2024-07-08 09:35:00,data/EXP-025/quantower_export_staging/30_2024-07-08_NQU24_previous.csv,data/EXP-025/quantower_export_staging/30_2024-07-08_NQU24_current.csv,raw/30_2024-07-08_NQU24.csv,Lucid/Rithmic via Quantower History Exporter,1 minute,America/New_York,timestamp|open|high|low|close|volume|explicit_contract_symbol,true
31,2024-07-10,2024-07-09,NQU24,2024-07-09 09:30:00,2024-07-09 15:59:00,2024-07-10 09:30:00,2024-07-10 09:35:00,data/EXP-025/quantower_export_staging/31_2024-07-10_NQU24_previous.csv,data/EXP-025/quantower_export_staging/31_2024-07-10_NQU24_current.csv,raw/31_2024-07-10_NQU24.csv,Lucid/Rithmic via Quantower History Exporter,1 minute,America/New_York,timestamp|open|high|low|close|volume|explicit_contract_symbol,true
32,2024-07-31,2024-07-30,NQU24,2024-07-30 09:30:00,2024-07-30 15:59:00,2024-07-31 09:30:00,2024-07-31 09:35:00,data/EXP-025/quantower_export_staging/32_2024-07-31_NQU24_previous.csv,data/EXP-025/quantower_export_staging/32_2024-07-31_NQU24_current.csv,raw/32_2024-07-31_NQU24.csv,Lucid/Rithmic via Quantower History Exporter,1 minute,America/New_York,timestamp|open|high|low|close|volume|explicit_contract_symbol,true
33,2024-09-04,2024-09-03,NQU24,2024-09-03 09:30:00,2024-09-03 15:59:00,2024-09-04 09:30:00,2024-09-04 09:35:00,data/EXP-025/quantower_export_staging/33_2024-09-04_NQU24_previous.csv,data/EXP-025/quantower_export_staging/33_2024-09-04_NQU24_current.csv,raw/33_2024-09-04_NQU24.csv,Lucid/Rithmic via Quantower History Exporter,1 minute,America/New_York,timestamp|open|high|low|close|volume|explicit_contract_symbol,true
34,2024-09-19,2024-09-18,NQZ24,2024-09-18 09:30:00,2024-09-18 15:59:00,2024-09-19 09:30:00,2024-09-19 09:35:00,data/EXP-025/quantower_export_staging/34_2024-09-19_NQZ24_previous.csv,data/EXP-025/quantower_export_staging/34_2024-09-19_NQZ24_current.csv,raw/34_2024-09-19_NQZ24.csv,Lucid/Rithmic via Quantower History Exporter,1 minute,America/New_York,timestamp|open|high|low|close|volume|explicit_contract_symbol,true
35,2024-10-18,2024-10-17,NQZ24,2024-10-17 09:30:00,2024-10-17 15:59:00,2024-10-18 09:30:00,2024-10-18 09:35:00,data/EXP-025/quantower_export_staging/35_2024-10-18_NQZ24_previous.csv,data/EXP-025/quantower_export_staging/35_2024-10-18_NQZ24_current.csv,raw/35_2024-10-18_NQZ24.csv,Lucid/Rithmic via Quantower History Exporter,1 minute,America/New_York,timestamp|open|high|low|close|volume|explicit_contract_symbol,true
36,2025-04-04,2025-04-03,NQM25,2025-04-03 09:30:00,2025-04-03 15:59:00,2025-04-04 09:30:00,2025-04-04 09:35:00,data/EXP-025/quantower_export_staging/36_2025-04-04_NQM25_previous.csv,data/EXP-025/quantower_export_staging/36_2025-04-04_NQM25_current.csv,raw/36_2025-04-04_NQM25.csv,Lucid/Rithmic via Quantower History Exporter,1 minute,America/New_York,timestamp|open|high|low|close|volume|explicit_contract_symbol,true
37,2025-07-10,2025-07-09,NQU25,2025-07-09 09:30:00,2025-07-09 15:59:00,2025-07-10 09:30:00,2025-07-10 09:35:00,data/EXP-025/quantower_export_staging/37_2025-07-10_NQU25_previous.csv,data/EXP-025/quantower_export_staging/37_2025-07-10_NQU25_current.csv,raw/37_2025-07-10_NQU25.csv,Lucid/Rithmic via Quantower History Exporter,1 minute,America/New_York,timestamp|open|high|low|close|volume|explicit_contract_symbol,true
38,2025-07-31,2025-07-30,NQU25,2025-07-30 09:30:00,2025-07-30 15:59:00,2025-07-31 09:30:00,2025-07-31 09:35:00,data/EXP-025/quantower_export_staging/38_2025-07-31_NQU25_previous.csv,data/EXP-025/quantower_export_staging/38_2025-07-31_NQU25_current.csv,raw/38_2025-07-31_NQU25.csv,Lucid/Rithmic via Quantower History Exporter,1 minute,America/New_York,timestamp|open|high|low|close|volume|explicit_contract_symbol,true
39,2025-08-25,2025-08-22,NQU25,2025-08-22 09:30:00,2025-08-22 15:59:00,2025-08-25 09:30:00,2025-08-25 09:35:00,data/EXP-025/quantower_export_staging/39_2025-08-25_NQU25_previous.csv,data/EXP-025/quantower_export_staging/39_2025-08-25_NQU25_current.csv,raw/39_2025-08-25_NQU25.csv,Lucid/Rithmic via Quantower History Exporter,1 minute,America/New_York,timestamp|open|high|low|close|volume|explicit_contract_symbol,true
40,2025-09-12,2025-09-11,NQZ25,2025-09-11 09:30:00,2025-09-11 15:59:00,2025-09-12 09:30:00,2025-09-12 09:35:00,data/EXP-025/quantower_export_staging/40_2025-09-12_NQZ25_previous.csv,data/EXP-025/quantower_export_staging/40_2025-09-12_NQZ25_current.csv,raw/40_2025-09-12_NQZ25.csv,Lucid/Rithmic via Quantower History Exporter,1 minute,America/New_York,timestamp|open|high|low|close|volume|explicit_contract_symbol,true
41,2025-09-17,2025-09-16,NQZ25,2025-09-16 09:30:00,2025-09-16 15:59:00,2025-09-17 09:30:00,2025-09-17 09:35:00,data/EXP-025/quantower_export_staging/41_2025-09-17_NQZ25_previous.csv,data/EXP-025/quantower_export_staging/41_2025-09-17_NQZ25_current.csv,raw/41_2025-09-17_NQZ25.csv,Lucid/Rithmic via Quantower History Exporter,1 minute,America/New_York,timestamp|open|high|low|close|volume|explicit_contract_symbol,true
42,2025-09-23,2025-09-22,NQZ25,2025-09-22 09:30:00,2025-09-22 15:59:00,2025-09-23 09:30:00,2025-09-23 09:35:00,data/EXP-025/quantower_export_staging/42_2025-09-23_NQZ25_previous.csv,data/EXP-025/quantower_export_staging/42_2025-09-23_NQZ25_current.csv,raw/42_2025-09-23_NQZ25.csv,Lucid/Rithmic via Quantower History Exporter,1 minute,America/New_York,timestamp|open|high|low|close|volume|explicit_contract_symbol,true
43,2025-12-29,2025-12-26,NQH26,2025-12-26 09:30:00,2025-12-26 15:59:00,2025-12-29 09:30:00,2025-12-29 09:35:00,data/EXP-025/quantower_export_staging/43_2025-12-29_NQH26_previous.csv,data/EXP-025/quantower_export_staging/43_2025-12-29_NQH26_current.csv,raw/43_2025-12-29_NQH26.csv,Lucid/Rithmic via Quantower History Exporter,1 minute,America/New_York,timestamp|open|high|low|close|volume|explicit_contract_symbol,true
