candidate_id,slippage_ticks_per_side,round_trip_cost_usd,completed_trades,net_profit_usd,trade_profit_factor,maximum_drawdown_usd,net_profit_to_drawdown
gap_fade_0p25_prior_close,0,5.0,48,-11100.0,0.7875598086124402,-24240.0,-0.45792079207920794
gap_fade_0p25_1r,0,5.0,48,-3575.0,0.9183976261127597,-16000.0,-0.2234375
gap_fade_0p50_prior_close,0,5.0,31,3780.0,1.1196391834150974,-13360.0,0.28293413173652693
gap_fade_0p50_1r,0,5.0,31,5390.0,1.2240232751454696,-9200.0,0.5858695652173913
gap_fade_0p75_prior_close,0,5.0,15,730.0,1.0379615184607385,-9205.0,0.07930472569255839
gap_fade_0p75_1r,0,5.0,15,6390.0,1.546387345019239,-6185.0,1.0331447049312854
premarket_continuation_0p50_time,0,5.0,25,-3830.0,0.8500097904836499,-20450.0,-0.18728606356968217
premarket_continuation_0p50_1p5r,0,5.0,25,-9287.5,0.6362835324065009,-19332.5,-0.48040863830337516
premarket_continuation_0p625_time,0,5.0,18,-6255.0,0.6814362108479756,-17450.0,-0.35845272206303724
premarket_continuation_0p625_1p5r,0,5.0,18,-10302.5,0.47529921059332825,-16077.5,-0.6408023635515472
premarket_continuation_0p75_time,0,5.0,9,-10770.0,0.0,-10770.0,-1.0
premarket_continuation_0p75_1p5r,0,5.0,9,-10770.0,0.0,-10770.0,-1.0
premarket_continuation_0p875_time,0,5.0,0,0.0,,0.0,
premarket_continuation_0p875_1p5r,0,5.0,0,0.0,,0.0,
opening_drive_0p25_time,0,5.0,106,3650.0,1.0234824846398816,-45215.0,0.08072542297909986
opening_drive_0p25_1p5r,0,5.0,106,10187.5,1.0666372318158033,-45407.5,0.22435720971205197
opening_drive_0p50_time,0,5.0,69,-5815.0,0.9465238182821409,-43480.0,-0.13373965041398345
opening_drive_0p50_1p5r,0,5.0,69,2472.5,1.0228322098069997,-46582.5,0.05307787259163849
opening_drive_0p75_time,0,5.0,27,8040.0,1.1944377267230954,-12565.0,0.6398726621567847
opening_drive_0p75_1p5r,0,5.0,27,10610.0,1.256590084643289,-13592.5,0.780577524370057
opening_drive_1p00_time,0,5.0,0,0.0,,0.0,
opening_drive_1p00_1p5r,0,5.0,0,0.0,,0.0,
orb_control_exp005_15m_both_time,0,5.0,139,-22430.0,0.8916268058172682,-73995.0,-0.303128589769579
orb_control_exp007_30m_long_1r,0,5.0,90,26615.0,1.3366217669006513,-28770.0,0.9250955856795273
gap_fade_0p25_prior_close,1,15.0,48,-11580.0,0.7796803652968036,-24490.0,-0.4728460596161699
gap_fade_0p25_1r,1,15.0,48,-4055.0,0.908008166969147,-16090.0,-0.25201988812927284
gap_fade_0p50_prior_close,1,15.0,31,3470.0,1.1091366567070293,-13440.0,0.25818452380952384
gap_fade_0p50_1r,1,15.0,31,5080.0,1.2096574494428394,-9340.0,0.5438972162740899
gap_fade_0p75_prior_close,1,15.0,15,580.0,1.0299896587383661,-9245.0,0.06273661438615467
gap_fade_0p75_1r,1,15.0,15,6240.0,1.5299363057324842,-6215.0,1.00402252614642
premarket_continuation_0p50_time,1,15.0,25,-4080.0,0.8413377406183161,-20640.0,-0.19767441860465115
premarket_continuation_0p50_1p5r,1,15.0,25,-9537.5,0.629107524790978,-19522.5,-0.48853886541170444
premarket_continuation_0p625_time,1,15.0,18,-6435.0,0.6745891276864728,-17600.0,-0.365625
premarket_continuation_0p625_1p5r,1,15.0,18,-10482.5,0.46991150442477875,-16227.5,-0.6459713449391465
premarket_continuation_0p75_time,1,15.0,9,-10860.0,0.0,-10860.0,-1.0
premarket_continuation_0p75_1p5r,1,15.0,9,-10860.0,0.0,-10860.0,-1.0
premarket_continuation_0p875_time,1,15.0,0,0.0,,0.0,
premarket_continuation_0p875_1p5r,1,15.0,0,0.0,,0.0,
opening_drive_0p25_time,1,15.0,106,2590.0,1.016603096253085,-45395.0,0.05705474171164225
opening_drive_0p25_1p5r,1,15.0,106,9127.5,1.0595013037809649,-45697.5,0.19973740357787625
opening_drive_0p50_time,1,15.0,69,-6505.0,0.9403758020164986,-43730.0,-0.14875371598445003
opening_drive_0p50_1p5r,1,15.0,69,1782.5,1.0164089109822332,-46832.5,0.03806117546575562
opening_drive_0p75_time,1,15.0,27,7770.0,1.1873191899710704,-12605.0,0.6164220547401824
opening_drive_0p75_1p5r,1,15.0,27,10340.0,1.2492767598842816,-13712.5,0.754056517775752
opening_drive_1p00_time,1,15.0,0,0.0,,0.0,
opening_drive_1p00_1p5r,1,15.0,0,0.0,,0.0,
orb_control_exp005_15m_both_time,1,15.0,139,-23820.0,0.8853319212439223,-74605.0,-0.3192815494940017
orb_control_exp007_30m_long_1r,1,15.0,90,25715.0,1.3238868946407205,-28920.0,0.88917704011065
gap_fade_0p25_prior_close,2,25.0,48,-12060.0,0.771893323245697,-24740.0,-0.4874696847210994
gap_fade_0p25_1r,2,25.0,48,-4535.0,0.8977452085682074,-16180.0,-0.28028430160692214
gap_fade_0p50_prior_close,2,25.0,31,3160.0,1.0987654320987654,-13520.0,0.23372781065088757
gap_fade_0p50_1r,2,25.0,31,4770.0,1.1954918032786885,-9480.0,0.5031645569620253
gap_fade_0p75_prior_close,2,25.0,15,430.0,1.022107969151671,-9285.0,0.046311254711900916
gap_fade_0p75_1r,2,25.0,15,6090.0,1.5137072964993674,-6245.0,0.9751801441152922
premarket_continuation_0p50_time,2,25.0,25,-4330.0,0.832786252172234,-20830.0,-0.20787325972155546
premarket_continuation_0p50_1p5r,2,25.0,25,-9787.5,0.6220312801699169,-19712.5,-0.4965123652504756
premarket_continuation_0p625_time,2,25.0,18,-6615.0,0.6678383128295254,-17750.0,-0.3726760563380282
premarket_continuation_0p625_1p5r,2,25.0,18,-10662.5,0.4645995480793372,-16377.5,-0.6510456418867349
premarket_continuation_0p75_time,2,25.0,9,-10950.0,0.0,-10950.0,-1.0
premarket_continuation_0p75_1p5r,2,25.0,9,-10950.0,0.0,-10950.0,-1.0
premarket_continuation_0p875_time,2,25.0,0,0.0,,0.0,
premarket_continuation_0p875_1p5r,2,25.0,0,0.0,,0.0,
opening_drive_0p25_time,2,25.0,106,1530.0,1.0097726111394993,-45575.0,0.033571036752605594
opening_drive_0p25_1p5r,2,25.0,106,8067.5,1.0524118889069352,-45987.5,0.17542810546344115
opening_drive_0p50_time,2,25.0,69,-7195.0,0.9342682258359218,-43980.0,-0.16359708958617553
opening_drive_0p50_1p5r,2,25.0,69,1092.5,1.010025695145453,-47082.5,0.02320395051239845
opening_drive_0p75_time,2,25.0,27,7500.0,1.1802451333813988,-12645.0,0.5931198102016607
opening_drive_0p75_1p5r,2,25.0,27,10070.0,1.2420091324200913,-13832.5,0.7279956623893006
opening_drive_1p00_time,2,25.0,0,0.0,,0.0,
opening_drive_1p00_1p5r,2,25.0,0,0.0,,0.0,
orb_control_exp005_15m_both_time,2,25.0,139,-25210.0,0.879082929636913,-75215.0,-0.3351725054842784
orb_control_exp007_30m_long_1r,2,25.0,90,24815.0,1.3112574474756977,-29070.0,0.8536291709666323
gap_fade_0p25_prior_close,3,35.0,48,-12540.0,0.7641970665663783,-24990.0,-0.5018007202881153
gap_fade_0p25_1r,3,35.0,48,-5015.0,0.8876064545047064,-16270.0,-0.3082360172095882
gap_fade_0p50_prior_close,3,35.0,31,2850.0,1.0885230625873583,-13600.0,0.20955882352941177
gap_fade_0p50_1r,3,35.0,31,4460.0,1.1815221815221815,-9620.0,0.46361746361746364
gap_fade_0p75_prior_close,3,35.0,15,280.0,1.0143149284253579,-9325.0,0.030026809651474532
gap_fade_0p75_1r,3,35.0,15,5940.0,1.4976958525345623,-6275.0,0.9466135458167331
premarket_continuation_0p50_time,3,35.0,25,-4580.0,0.824352828379674,-21020.0,-0.21788772597526165
premarket_continuation_0p50_1p5r,3,35.0,25,-10037.5,0.6150527325023969,-19902.5,-0.5043336264288406
premarket_continuation_0p625_time,3,35.0,18,-6795.0,0.6611817501869858,-17900.0,-0.379608938547486
premarket_continuation_0p625_1p5r,3,35.0,18,-10842.5,0.4593617551732735,-16527.5,-0.6560278324005445
premarket_continuation_0p75_time,3,35.0,9,-11040.0,0.0,-11040.0,-1.0
premarket_continuation_0p75_1p5r,3,35.0,9,-11040.0,0.0,-11040.0,-1.0
premarket_continuation_0p875_time,3,35.0,0,0.0,,0.0,
premarket_continuation_0p875_1p5r,3,35.0,0,0.0,,0.0,
opening_drive_0p25_time,3,35.0,106,470.0,1.0029911538216763,-45755.0,0.010272101409682002
opening_drive_0p25_1p5r,3,35.0,106,7007.5,1.045369201385517,-46277.5,0.15142347793204042
opening_drive_0p50_time,3,35.0,69,-7885.0,0.9282006920415224,-44230.0,-0.17827266561157584
opening_drive_0p50_1p5r,3,35.0,69,402.5,1.0036821882718874,-47332.5,0.00850367083927534
opening_drive_0p75_time,3,35.0,27,7230.0,1.173215141351222,-12685.0,0.5699645250295625
opening_drive_0p75_1p5r,3,35.0,27,9800.0,1.234786775275515,-13952.5,0.702383085468554
opening_drive_1p00_time,3,35.0,0,0.0,,0.0,
opening_drive_1p00_1p5r,3,35.0,0,0.0,,0.0,
orb_control_exp005_15m_both_time,3,35.0,139,-26600.0,0.8728793309438471,-75825.0,-0.3508077810748434
orb_control_exp007_30m_long_1r,3,35.0,90,23915.0,1.2987321216663543,-29220.0,0.8184462696783026
