candidate_id,exp027_cohort,episode_number,start_session,trough_session,end_session,maximum_drawdown_usd,maximum_drawdown_percent,duration_sessions,recovered
gap_fade_0p25_prior_close,SECONDARY_MEASUREMENT_CONTEXT,1,2026-01-05,2026-02-05,2026-02-27,-4620.0,-4.62,40,True
gap_fade_0p25_prior_close,SECONDARY_MEASUREMENT_CONTEXT,2,2026-03-06,2026-06-23,2026-07-23,-24490.0,-23.97924214236757,100,False
gap_fade_0p25_1r,SECONDARY_MEASUREMENT_CONTEXT,1,2026-01-05,2026-01-05,2026-01-09,-1660.0,-1.66,5,True
gap_fade_0p25_1r,SECONDARY_MEASUREMENT_CONTEXT,2,2026-01-14,2026-02-05,2026-02-27,-4735.0,-4.708163468231083,33,True
gap_fade_0p25_1r,SECONDARY_MEASUREMENT_CONTEXT,3,2026-03-06,2026-04-22,2026-05-18,-5365.0,-5.106848793489125,52,True
gap_fade_0p25_1r,SECONDARY_MEASUREMENT_CONTEXT,4,2026-05-21,2026-06-18,2026-07-23,-16090.0,-15.167797888386122,46,False
gap_fade_0p50_prior_close,SECONDARY_MEASUREMENT_CONTEXT,1,2026-01-14,2026-01-15,2026-02-10,-3405.0,-3.353523415570985,20,True
gap_fade_0p50_prior_close,SECONDARY_MEASUREMENT_CONTEXT,2,2026-02-27,2026-02-27,2026-02-27,-1540.0,-1.4848382586896784,1,True
gap_fade_0p50_prior_close,SECONDARY_MEASUREMENT_CONTEXT,3,2026-03-06,2026-03-23,2026-04-07,-4385.0,-4.158566077101806,23,True
gap_fade_0p50_prior_close,SECONDARY_MEASUREMENT_CONTEXT,4,2026-04-17,2026-06-23,2026-07-23,-13440.0,-12.667891983599604,70,False
gap_fade_0p50_1r,SECONDARY_MEASUREMENT_CONTEXT,1,2026-01-14,2026-01-28,2026-02-27,-4745.0,-4.641494668883889,33,True
gap_fade_0p50_1r,SECONDARY_MEASUREMENT_CONTEXT,2,2026-03-06,2026-06-18,2026-07-22,-9340.0,-8.932670237184391,99,True
gap_fade_0p75_prior_close,SECONDARY_MEASUREMENT_CONTEXT,1,2026-01-15,2026-01-28,2026-02-10,-1970.0,-1.97,19,True
gap_fade_0p75_prior_close,SECONDARY_MEASUREMENT_CONTEXT,2,2026-03-06,2026-04-02,2026-04-07,-1590.0,-1.5197858917988911,23,True
gap_fade_0p75_prior_close,SECONDARY_MEASUREMENT_CONTEXT,3,2026-06-04,2026-06-23,2026-06-24,-9245.0,-8.76303317535545,15,True
gap_fade_0p75_prior_close,SECONDARY_MEASUREMENT_CONTEXT,4,2026-07-14,2026-07-23,2026-07-23,-6535.0,-6.100919572422163,8,False
gap_fade_0p75_1r,PRIMARY_CONFIRMATION_COHORT,1,2026-01-15,2026-01-28,2026-02-27,-1970.0,-1.97,32,True
gap_fade_0p75_1r,PRIMARY_CONFIRMATION_COHORT,2,2026-03-06,2026-04-02,2026-04-07,-1590.0,-1.5265709759493062,23,True
gap_fade_0p75_1r,PRIMARY_CONFIRMATION_COHORT,3,2026-06-04,2026-06-18,2026-07-13,-6215.0,-5.9593441365423345,28,True
gap_fade_0p75_1r,PRIMARY_CONFIRMATION_COHORT,4,2026-07-21,2026-07-21,2026-07-22,-2000.0,-1.883150510804576,2,True
premarket_continuation_0p50_time,SECONDARY_MEASUREMENT_CONTEXT,1,2026-01-27,2026-01-27,2026-01-28,-1025.0,-1.0034754515639532,2,True
premarket_continuation_0p50_time,SECONDARY_MEASUREMENT_CONTEXT,2,2026-02-18,2026-07-17,2026-07-23,-20640.0,-17.707618393960193,112,False
premarket_continuation_0p50_1p5r,SECONDARY_MEASUREMENT_CONTEXT,1,2026-01-27,2026-01-27,2026-01-28,-1025.0,-0.9906731745034554,2,True
premarket_continuation_0p50_1p5r,SECONDARY_MEASUREMENT_CONTEXT,2,2026-02-18,2026-07-17,2026-07-23,-19522.5,-17.750147747420105,112,False
premarket_continuation_0p625_time,SECONDARY_MEASUREMENT_CONTEXT,1,2026-02-18,2026-07-17,2026-07-23,-17600.0,-15.832321324157784,112,False
premarket_continuation_0p625_1p5r,SECONDARY_MEASUREMENT_CONTEXT,1,2026-02-18,2026-07-17,2026-07-23,-16227.5,-15.34587923778902,112,False
premarket_continuation_0p75_time,SECONDARY_MEASUREMENT_CONTEXT,1,2026-02-23,2026-07-17,2026-07-23,-10860.0,-10.86,109,False
premarket_continuation_0p75_1p5r,SECONDARY_MEASUREMENT_CONTEXT,1,2026-02-23,2026-07-17,2026-07-23,-10860.0,-10.86,109,False
opening_drive_0p25_time,SECONDARY_MEASUREMENT_CONTEXT,1,2026-01-05,2026-01-08,2026-01-14,-2140.0,-2.1820035686974255,8,True
opening_drive_0p25_time,SECONDARY_MEASUREMENT_CONTEXT,2,2026-01-20,2026-01-20,2026-01-20,-1780.0,-1.7741453204425397,1,True
opening_drive_0p25_time,SECONDARY_MEASUREMENT_CONTEXT,3,2026-01-22,2026-01-22,2026-01-22,-1310.0,-1.2908311573138886,1,True
opening_drive_0p25_time,SECONDARY_MEASUREMENT_CONTEXT,4,2026-01-29,2026-01-29,2026-02-02,-2410.0,-2.3532858119324285,3,True
opening_drive_0p25_time,SECONDARY_MEASUREMENT_CONTEXT,5,2026-02-11,2026-02-11,2026-02-11,-135.0,-0.11549813919664628,1,True
opening_drive_0p25_time,SECONDARY_MEASUREMENT_CONTEXT,6,2026-02-17,2026-02-19,2026-02-23,-8080.0,-6.454705224476753,5,True
opening_drive_0p25_time,SECONDARY_MEASUREMENT_CONTEXT,7,2026-03-03,2026-03-03,2026-03-03,-3460.0,-2.5331283402884543,1,True
opening_drive_0p25_time,SECONDARY_MEASUREMENT_CONTEXT,8,2026-03-05,2026-03-26,2026-06-08,-16345.0,-11.886840478528054,68,True
opening_drive_0p25_time,SECONDARY_MEASUREMENT_CONTEXT,9,2026-06-10,2026-07-13,2026-07-23,-45395.0,-31.292868714024745,32,False
opening_drive_0p25_1p5r,SECONDARY_MEASUREMENT_CONTEXT,1,2026-01-05,2026-01-05,2026-01-06,-1600.0,-1.6314045373438697,2,True
opening_drive_0p25_1p5r,SECONDARY_MEASUREMENT_CONTEXT,2,2026-01-08,2026-01-08,2026-01-14,-1765.0,-1.7543423701016327,5,True
opening_drive_0p25_1p5r,SECONDARY_MEASUREMENT_CONTEXT,3,2026-01-20,2026-01-20,2026-01-20,-1780.0,-1.729498639720171,1,True
opening_drive_0p25_1p5r,SECONDARY_MEASUREMENT_CONTEXT,4,2026-01-22,2026-01-22,2026-01-22,-1310.0,-1.2242418578571095,1,True
opening_drive_0p25_1p5r,SECONDARY_MEASUREMENT_CONTEXT,5,2026-01-29,2026-01-29,2026-02-02,-2410.0,-2.19569970845481,3,True
opening_drive_0p25_1p5r,SECONDARY_MEASUREMENT_CONTEXT,6,2026-02-17,2026-02-19,2026-02-23,-8080.0,-6.0162692429403775,5,True
opening_drive_0p25_1p5r,SECONDARY_MEASUREMENT_CONTEXT,7,2026-03-03,2026-03-18,2026-05-11,-16262.5,-10.961512537071986,50,True
opening_drive_0p25_1p5r,SECONDARY_MEASUREMENT_CONTEXT,8,2026-05-13,2026-05-13,2026-05-13,-2380.0,-1.5912281874707495,1,True
opening_drive_0p25_1p5r,SECONDARY_MEASUREMENT_CONTEXT,9,2026-05-15,2026-05-15,2026-05-15,-2955.0,-1.9742116515232495,1,True
opening_drive_0p25_1p5r,SECONDARY_MEASUREMENT_CONTEXT,10,2026-05-19,2026-07-13,2026-07-23,-45697.5,-30.440140551882628,48,False
opening_drive_0p50_time,SECONDARY_MEASUREMENT_CONTEXT,1,2026-01-07,2026-01-08,2026-01-14,-2100.0,-2.067743205986609,6,True
opening_drive_0p50_time,SECONDARY_MEASUREMENT_CONTEXT,2,2026-01-20,2026-01-20,2026-01-20,-1780.0,-1.713928072793799,1,True
opening_drive_0p50_time,SECONDARY_MEASUREMENT_CONTEXT,3,2026-01-22,2026-01-22,2026-01-22,-1310.0,-1.2475002380725644,1,True
opening_drive_0p50_time,SECONDARY_MEASUREMENT_CONTEXT,4,2026-01-29,2026-01-29,2026-02-02,-2410.0,-2.27497994052957,3,True
opening_drive_0p50_time,SECONDARY_MEASUREMENT_CONTEXT,5,2026-02-11,2026-02-11,2026-02-11,-135.0,-0.11894273127753305,1,True
opening_drive_0p50_time,SECONDARY_MEASUREMENT_CONTEXT,6,2026-02-17,2026-02-17,2026-02-25,-6655.0,-5.464099511474198,7,True
opening_drive_0p50_time,SECONDARY_MEASUREMENT_CONTEXT,7,2026-03-05,2026-03-17,2026-04-01,-8890.0,-7.04800412256709,20,True
opening_drive_0p50_time,SECONDARY_MEASUREMENT_CONTEXT,8,2026-04-06,2026-04-07,2026-04-13,-7070.0,-5.554464390933731,6,True
opening_drive_0p50_time,SECONDARY_MEASUREMENT_CONTEXT,9,2026-04-16,2026-07-10,2026-07-23,-43730.0,-32.186361461745115,71,False
opening_drive_0p50_1p5r,SECONDARY_MEASUREMENT_CONTEXT,1,2026-01-08,2026-01-08,2026-01-14,-1765.0,-1.6949559455501404,5,True
opening_drive_0p50_1p5r,SECONDARY_MEASUREMENT_CONTEXT,2,2026-01-20,2026-01-20,2026-01-20,-1780.0,-1.6722250927709146,1,True
opening_drive_0p50_1p5r,SECONDARY_MEASUREMENT_CONTEXT,3,2026-01-22,2026-01-22,2026-01-22,-1310.0,-1.1851985886184746,1,True
opening_drive_0p50_1p5r,SECONDARY_MEASUREMENT_CONTEXT,4,2026-01-29,2026-01-29,2026-02-02,-2410.0,-2.1273778523193716,3,True
opening_drive_0p50_1p5r,SECONDARY_MEASUREMENT_CONTEXT,5,2026-02-17,2026-02-17,2026-02-25,-6655.0,-4.997653243217873,7,True
opening_drive_0p50_1p5r,SECONDARY_MEASUREMENT_CONTEXT,6,2026-03-05,2026-03-17,2026-03-27,-8890.0,-6.378360926261413,17,True
opening_drive_0p50_1p5r,SECONDARY_MEASUREMENT_CONTEXT,7,2026-03-31,2026-03-31,2026-04-01,-3820.0,-2.7281329786284347,2,True
opening_drive_0p50_1p5r,SECONDARY_MEASUREMENT_CONTEXT,8,2026-04-06,2026-04-07,2026-04-13,-7070.0,-4.951673903908111,6,True
opening_drive_0p50_1p5r,SECONDARY_MEASUREMENT_CONTEXT,9,2026-04-16,2026-07-10,2026-07-23,-46832.5,-32.19336988090532,71,False
opening_drive_0p75_time,PRIMARY_CONFIRMATION_COHORT,1,2026-01-08,2026-01-29,2026-02-02,-3745.0,-3.6874753840094523,18,True
opening_drive_0p75_time,PRIMARY_CONFIRMATION_COHORT,2,2026-03-05,2026-03-05,2026-03-19,-4015.0,-3.609637687674189,11,True
opening_drive_0p75_time,PRIMARY_CONFIRMATION_COHORT,3,2026-03-31,2026-05-01,2026-06-04,-12605.0,-10.647913498901842,48,True
opening_drive_0p75_time,PRIMARY_CONFIRMATION_COHORT,4,2026-06-17,2026-07-22,2026-07-23,-12205.0,-10.17295269847885,27,False
opening_drive_0p75_1p5r,SECONDARY_MEASUREMENT_CONTEXT,1,2026-01-08,2026-01-29,2026-02-02,-3745.0,-3.6874753840094523,18,True
opening_drive_0p75_1p5r,SECONDARY_MEASUREMENT_CONTEXT,2,2026-03-05,2026-03-05,2026-03-19,-4015.0,-3.4865293185419968,11,True
opening_drive_0p75_1p5r,SECONDARY_MEASUREMENT_CONTEXT,3,2026-03-31,2026-07-22,2026-07-23,-13712.5,-11.05378771084823,83,False
orb_control_exp005_15m_both_time,FIXED_CONTROL,1,2026-01-05,2026-01-05,2026-01-05,-2055.0,-2.1044546850998462,1,True
orb_control_exp005_15m_both_time,FIXED_CONTROL,2,2026-01-07,2026-01-09,2026-01-15,-5230.0,-5.336190184675034,7,True
orb_control_exp005_15m_both_time,FIXED_CONTROL,3,2026-01-20,2026-01-20,2026-01-20,-2575.0,-2.6006160682724837,1,True
orb_control_exp005_15m_both_time,FIXED_CONTROL,4,2026-01-22,2026-01-22,2026-01-23,-1460.0,-1.4438291139240507,2,True
orb_control_exp005_15m_both_time,FIXED_CONTROL,5,2026-01-29,2026-01-29,2026-01-29,-885.0,-0.8621529469069654,1,True
orb_control_exp005_15m_both_time,FIXED_CONTROL,6,2026-02-05,2026-02-05,2026-02-05,-1270.0,-1.0928491523965236,1,True
orb_control_exp005_15m_both_time,FIXED_CONTROL,7,2026-02-10,2026-02-11,2026-02-11,-3550.0,-2.8644047282849883,2,True
orb_control_exp005_15m_both_time,FIXED_CONTROL,8,2026-02-13,2026-02-19,2026-02-24,-7080.0,-5.459803354540196,8,True
orb_control_exp005_15m_both_time,FIXED_CONTROL,9,2026-03-03,2026-03-17,2026-04-14,-21205.0,-15.394947001597211,31,True
orb_control_exp005_15m_both_time,FIXED_CONTROL,10,2026-04-16,2026-07-14,2026-07-23,-74605.0,-52.610979866718374,71,False
orb_control_exp007_30m_long_1r,FIXED_CONTROL,1,2026-01-05,2026-01-05,2026-01-06,-1245.0,-1.2449999999999999,2,True
orb_control_exp007_30m_long_1r,FIXED_CONTROL,2,2026-01-20,2026-01-21,2026-02-05,-4370.0,-4.128873771730915,13,True
orb_control_exp007_30m_long_1r,FIXED_CONTROL,3,2026-02-10,2026-02-19,2026-03-02,-4400.0,-4.001273132360296,15,True
orb_control_exp007_30m_long_1r,FIXED_CONTROL,4,2026-03-11,2026-03-24,2026-04-13,-12225.0,-10.165052176443687,24,True
orb_control_exp007_30m_long_1r,FIXED_CONTROL,5,2026-04-16,2026-04-16,2026-04-16,-110.0,-0.08969341161121983,1,True
orb_control_exp007_30m_long_1r,FIXED_CONTROL,6,2026-04-21,2026-04-23,2026-04-29,-3305.0,-2.645481469622989,7,True
orb_control_exp007_30m_long_1r,FIXED_CONTROL,7,2026-05-01,2026-05-04,2026-05-05,-2070.0,-1.6558013038435386,3,True
orb_control_exp007_30m_long_1r,FIXED_CONTROL,8,2026-05-19,2026-05-19,2026-05-19,-20.0,-0.014620417412917138,1,True
orb_control_exp007_30m_long_1r,FIXED_CONTROL,9,2026-05-21,2026-05-26,2026-05-29,-4770.0,-3.3957428632448208,7,True
orb_control_exp007_30m_long_1r,FIXED_CONTROL,10,2026-06-08,2026-07-08,2026-07-23,-28920.0,-19.78044526520981,34,False
