candidate_id,family_id,candidate_role,segment,completed_trades,net_profit_usd,gross_profit_usd,gross_loss_usd,trade_profit_factor,win_rate,average_trade_usd,median_trade_usd,average_winner_usd,average_loser_usd,payoff_ratio,maximum_drawdown_usd,maximum_drawdown_percent,net_profit_to_drawdown,drawdown_duration_trades,recovery_duration_trades,maximum_consecutive_losses,worst_20_trade_result,worst_50_trade_result,worst_100_trade_result,trades_per_year,average_holding_minutes,median_holding_minutes,average_trade_to_round_trip_cost
gap_fade_0p25_prior_close,gap_fade,DEVELOPMENT,ALL_TRADES,48,-11580.0,40980.0,-52560.0,0.7796803652968036,0.3541666666666667,-241.25,-997.5,2410.5882352941176,-1695.483870967742,1.4217700778941713,-24490.0,-24.490000000000002,-0.4728460596161699,33,8,8,-19275.0,,,85.93941176470588,44.375,11.5,-16.083333333333332
gap_fade_0p25_prior_close,gap_fade,DEVELOPMENT,LONG_TRADES,24,-16440.0,12175.0,-28615.0,0.4254761488729687,0.2916666666666667,-685.0,-1067.5,1739.2857142857142,-1683.235294117647,1.0332992186914953,-19070.0,-19.07,-0.8620870477189303,23,2,12,-17500.0,,,42.96970588235294,35.375,9.0,-45.666666666666664
gap_fade_0p25_prior_close,gap_fade,DEVELOPMENT,SHORT_TRADES,24,4860.0,28805.0,-23945.0,1.2029651284192941,0.4166666666666667,202.5,-890.0,2880.5,-1710.357142857143,1.684151179787012,-11635.0,-11.635,0.41770519982810483,7,3,5,-4860.0,,,42.96970588235294,53.375,17.5,13.5
gap_fade_0p25_1r,gap_fade,DEVELOPMENT,ALL_TRADES,48,-4055.0,40025.0,-44080.0,0.908008166969147,0.4375,-84.47916666666667,-807.5,1905.952380952381,-1632.5925925925926,1.1674390718174747,-16090.0,-16.09,-0.25201988812927284,18,9,7,-12290.0,,,85.93941176470588,22.729166666666668,10.0,-5.631944444444445
gap_fade_0p25_1r,gap_fade,DEVELOPMENT,LONG_TRADES,24,-15.0,22590.0,-22605.0,0.9993364299933643,0.4166666666666667,-0.625,-725.0,2259.0,-1614.642857142857,1.39907100199071,-9640.0,-9.64,-0.0015560165975103733,16,2,3,-4015.0,,,42.96970588235294,24.666666666666668,7.5,-0.041666666666666664
gap_fade_0p25_1r,gap_fade,DEVELOPMENT,SHORT_TRADES,24,-4040.0,17435.0,-21475.0,0.8118742724097788,0.4583333333333333,-168.33333333333334,-807.5,1585.0,-1651.923076923077,0.9594877764842841,-11635.0,-11.635,-0.3472281908036098,9,4,5,-7640.0,,,42.96970588235294,20.791666666666668,11.0,-11.222222222222223
gap_fade_0p50_prior_close,gap_fade,DEVELOPMENT,ALL_TRADES,31,3470.0,35265.0,-31795.0,1.1091366567070293,0.3548387096774194,111.93548387096774,-970.0,3205.909090909091,-1589.75,2.01661210310369,-13440.0,-13.44,0.25818452380952384,14,6,5,-7365.0,,,55.50253676470589,46.32258064516129,16.0,7.46236559139785
gap_fade_0p50_prior_close,gap_fade,DEVELOPMENT,LONG_TRADES,14,-7440.0,9145.0,-16585.0,0.5514018691588785,0.2857142857142857,-531.4285714285714,-1067.5,2286.25,-1658.5,1.3785046728971964,-10740.0,-10.74,-0.6927374301675978,9,2,7,,,,25.065661764705883,48.42857142857143,9.0,-35.42857142857143
gap_fade_0p50_prior_close,gap_fade,DEVELOPMENT,SHORT_TRADES,17,10910.0,26120.0,-15210.0,1.7172912557527942,0.4117647058823529,641.7647058823529,-810.0,3731.4285714285716,-1521.0,2.453273222503992,-6795.0,-6.795,1.6055923473142015,5,1,2,,,,30.436875,44.588235294117645,18.0,42.78431372549019
gap_fade_0p50_1r,gap_fade,DEVELOPMENT,ALL_TRADES,31,5080.0,29310.0,-24230.0,1.2096574494428394,0.45161290322580644,163.8709677419355,-805.0,2093.5714285714284,-1425.2941176470588,1.4688697600377336,-9340.0,-9.34,0.5438972162740899,20,7,4,-4095.0,,,55.50253676470589,23.612903225806452,10.0,10.9247311827957
gap_fade_0p50_1r,gap_fade,DEVELOPMENT,LONG_TRADES,14,4055.0,15545.0,-11490.0,1.3529155787641427,0.42857142857142855,289.64285714285717,-725.0,2590.8333333333335,-1436.25,1.8038874383521903,-7710.0,-7.71,0.5259403372243839,9,3,6,,,,25.065661764705883,27.714285714285715,7.5,19.30952380952381
gap_fade_0p50_1r,gap_fade,DEVELOPMENT,SHORT_TRADES,17,1025.0,13765.0,-12740.0,1.0804552590266876,0.47058823529411764,60.294117647058826,-805.0,1720.625,-1415.5555555555557,1.2155121664050235,-4560.0,-4.5600000000000005,0.22478070175438597,7,2,2,,,,30.436875,20.235294117647058,16.0,4.019607843137255
gap_fade_0p75_prior_close,gap_fade,DEVELOPMENT,ALL_TRADES,15,580.0,19920.0,-19340.0,1.0299896587383661,0.26666666666666666,38.666666666666664,-1070.0,4980.0,-1758.1818181818182,2.8324715615305065,-9245.0,-9.245000000000001,0.06273661438615467,4,1,4,,,,26.85606617647059,75.6,36.0,2.5777777777777775
gap_fade_0p75_prior_close,gap_fade,DEVELOPMENT,LONG_TRADES,7,-7030.0,3270.0,-10300.0,0.3174757281553398,0.14285714285714285,-1004.2857142857143,-1070.0,3270.0,-1716.6666666666667,1.9048543689320387,-10300.0,-10.299999999999999,-0.6825242718446602,6,0,6,,,,12.532830882352942,72.14285714285714,10.0,-66.95238095238095
gap_fade_0p75_prior_close,gap_fade,DEVELOPMENT,SHORT_TRADES,8,7610.0,16650.0,-9040.0,1.8418141592920354,0.375,951.25,-985.0,5550.0,-1808.0,3.0696902654867255,-4470.0,-4.47,1.7024608501118568,2,0,2,,,,14.323235294117648,78.625,42.0,63.416666666666664
gap_fade_0p75_1r,gap_fade,DEVELOPMENT,ALL_TRADES,15,6240.0,18015.0,-11775.0,1.5299363057324842,0.4666666666666667,416.0,-520.0,2573.5714285714284,-1471.875,1.7484986351228389,-6215.0,-6.215,1.00402252614642,5,3,3,,,,26.85606617647059,28.333333333333332,10.0,27.733333333333334
gap_fade_0p75_1r,gap_fade,DEVELOPMENT,LONG_TRADES,7,4395.0,9600.0,-5205.0,1.8443804034582132,0.42857142857142855,627.8571428571429,-520.0,3200.0,-1301.25,2.459173871277618,-5205.0,-5.205,0.8443804034582133,6,2,4,,,,12.532830882352942,29.0,7.0,41.85714285714286
gap_fade_0p75_1r,gap_fade,DEVELOPMENT,SHORT_TRADES,8,1845.0,8415.0,-6570.0,1.2808219178082192,0.5,230.625,377.5,2103.75,-1642.5,1.2808219178082192,-2600.0,-2.6,0.7096153846153846,3,1,2,,,,14.323235294117648,27.75,19.0,15.375
premarket_continuation_0p50_time,premarket_momentum_continuation,DEVELOPMENT,ALL_TRADES,25,-4080.0,21635.0,-25715.0,0.8413377406183161,0.28,-163.2,-1025.0,3090.714285714286,-1428.611111111111,2.163439904447099,-20640.0,-20.64,-0.19767441860465115,19,0,11,-11620.0,,,44.76011029411765,130.28,23.0,-10.879999999999999
premarket_continuation_0p50_time,premarket_momentum_continuation,DEVELOPMENT,LONG_TRADES,13,595.0,10355.0,-9760.0,1.0609631147540983,0.38461538461538464,45.76923076923077,-520.0,2071.0,-1220.0,1.6975409836065574,-5720.0,-5.72,0.10402097902097902,10,4,6,,,,23.27525735294118,164.69230769230768,72.0,3.051282051282051
premarket_continuation_0p50_time,premarket_momentum_continuation,DEVELOPMENT,SHORT_TRADES,12,-4675.0,11280.0,-15955.0,0.7069884048887496,0.16666666666666666,-389.5833333333333,-1342.5,5640.0,-1595.5,3.534942024443748,-14930.0,-14.93,-0.3131279303415941,9,0,9,,,,21.48485294117647,93.0,18.0,-25.97222222222222
premarket_continuation_0p50_1p5r,premarket_momentum_continuation,DEVELOPMENT,ALL_TRADES,25,-9537.5,16177.5,-25715.0,0.629107524790978,0.28,-381.5,-1025.0,2311.0714285714284,-1428.611111111111,1.617705063748229,-19522.5,-19.5225,-0.48853886541170444,19,0,11,-17242.5,,,44.76011029411765,35.16,15.0,-25.433333333333334
premarket_continuation_0p50_1p5r,premarket_momentum_continuation,DEVELOPMENT,LONG_TRADES,13,1842.5,11602.5,-9760.0,1.188780737704918,0.38461538461538464,141.73076923076923,-520.0,2320.5,-1220.0,1.902049180327869,-5720.0,-5.72,0.32211538461538464,10,4,6,,,,23.27525735294118,39.07692307692308,15.0,9.448717948717949
premarket_continuation_0p50_1p5r,premarket_momentum_continuation,DEVELOPMENT,SHORT_TRADES,12,-11380.0,4575.0,-15955.0,0.28674396740833596,0.16666666666666666,-948.3333333333334,-1342.5,2287.5,-1595.5,1.4337198370416797,-14930.0,-14.93,-0.7622237106496986,9,0,9,,,,21.48485294117647,30.916666666666668,12.5,-63.22222222222222
premarket_continuation_0p625_time,premarket_momentum_continuation,DEVELOPMENT,ALL_TRADES,18,-6435.0,13340.0,-19775.0,0.6745891276864728,0.2222222222222222,-357.5,-1287.5,3335.0,-1412.5,2.361061946902655,-17600.0,-17.599999999999998,-0.365625,15,0,10,,,,32.227279411764705,111.22222222222223,20.5,-23.833333333333332
premarket_continuation_0p625_time,premarket_momentum_continuation,DEVELOPMENT,LONG_TRADES,9,-2520.0,4320.0,-6840.0,0.631578947368421,0.3333333333333333,-280.0,-520.0,1440.0,-1140.0,1.263157894736842,-4870.0,-4.87,-0.5174537987679672,7,2,5,,,,16.113639705882353,143.77777777777777,27.0,-18.666666666666668
premarket_continuation_0p625_time,premarket_momentum_continuation,DEVELOPMENT,SHORT_TRADES,9,-3915.0,9020.0,-12935.0,0.697332817935833,0.1111111111111111,-435.0,-1350.0,9020.0,-1616.875,5.578662543486664,-12935.0,-12.934999999999999,-0.302667182064167,8,0,8,,,,16.113639705882353,78.66666666666667,18.0,-29.0
premarket_continuation_0p625_1p5r,premarket_momentum_continuation,DEVELOPMENT,ALL_TRADES,18,-10482.5,9292.5,-19775.0,0.46991150442477875,0.2222222222222222,-582.3611111111111,-1287.5,2323.125,-1412.5,1.6446902654867257,-16227.5,-16.2275,-0.6459713449391465,15,0,10,,,,32.227279411764705,40.388888888888886,16.5,-38.82407407407407
premarket_continuation_0p625_1p5r,premarket_momentum_continuation,DEVELOPMENT,LONG_TRADES,9,172.5,7012.5,-6840.0,1.025219298245614,0.3333333333333333,19.166666666666668,-520.0,2337.5,-1140.0,2.050438596491228,-4870.0,-4.87,0.03542094455852156,7,2,5,,,,16.113639705882353,43.44444444444444,27.0,1.277777777777778
premarket_continuation_0p625_1p5r,premarket_momentum_continuation,DEVELOPMENT,SHORT_TRADES,9,-10655.0,2280.0,-12935.0,0.17626594511016622,0.1111111111111111,-1183.888888888889,-1350.0,2280.0,-1616.875,1.4101275608813297,-12935.0,-12.934999999999999,-0.8237340548898338,8,0,8,,,,16.113639705882353,37.333333333333336,15.0,-78.92592592592592
premarket_continuation_0p75_time,premarket_momentum_continuation,DEVELOPMENT,ALL_TRADES,9,-10860.0,0.0,-10860.0,0.0,0.0,-1206.6666666666667,-1265.0,,-1206.6666666666667,,-10860.0,-10.86,-1.0,9,0,9,,,,16.113639705882353,20.11111111111111,4.0,-80.44444444444444
premarket_continuation_0p75_time,premarket_momentum_continuation,DEVELOPMENT,LONG_TRADES,5,-4870.0,0.0,-4870.0,0.0,0.0,-974.0,-685.0,,-974.0,,-4870.0,-4.87,-1.0,5,0,5,,,,8.95202205882353,25.4,1.0,-64.93333333333334
premarket_continuation_0p75_time,premarket_momentum_continuation,DEVELOPMENT,SHORT_TRADES,4,-5990.0,0.0,-5990.0,0.0,0.0,-1497.5,-1405.0,,-1497.5,,-5990.0,-5.99,-1.0,4,0,4,,,,7.161617647058824,13.5,14.5,-99.83333333333333
premarket_continuation_0p75_1p5r,premarket_momentum_continuation,DEVELOPMENT,ALL_TRADES,9,-10860.0,0.0,-10860.0,0.0,0.0,-1206.6666666666667,-1265.0,,-1206.6666666666667,,-10860.0,-10.86,-1.0,9,0,9,,,,16.113639705882353,20.11111111111111,4.0,-80.44444444444444
premarket_continuation_0p75_1p5r,premarket_momentum_continuation,DEVELOPMENT,LONG_TRADES,5,-4870.0,0.0,-4870.0,0.0,0.0,-974.0,-685.0,,-974.0,,-4870.0,-4.87,-1.0,5,0,5,,,,8.95202205882353,25.4,1.0,-64.93333333333334
premarket_continuation_0p75_1p5r,premarket_momentum_continuation,DEVELOPMENT,SHORT_TRADES,4,-5990.0,0.0,-5990.0,0.0,0.0,-1497.5,-1405.0,,-1497.5,,-5990.0,-5.99,-1.0,4,0,4,,,,7.161617647058824,13.5,14.5,-99.83333333333333
premarket_continuation_0p875_time,premarket_momentum_continuation,DEVELOPMENT,ALL_TRADES,0,0.0,0.0,0.0,,,,,,,,0.0,0.0,,0,0,0,,,,0.0,,,
premarket_continuation_0p875_time,premarket_momentum_continuation,DEVELOPMENT,LONG_TRADES,0,0.0,0.0,0.0,,,,,,,,0.0,0.0,,0,0,0,,,,0.0,,,
premarket_continuation_0p875_time,premarket_momentum_continuation,DEVELOPMENT,SHORT_TRADES,0,0.0,0.0,0.0,,,,,,,,0.0,0.0,,0,0,0,,,,0.0,,,
premarket_continuation_0p875_1p5r,premarket_momentum_continuation,DEVELOPMENT,ALL_TRADES,0,0.0,0.0,0.0,,,,,,,,0.0,0.0,,0,0,0,,,,0.0,,,
premarket_continuation_0p875_1p5r,premarket_momentum_continuation,DEVELOPMENT,LONG_TRADES,0,0.0,0.0,0.0,,,,,,,,0.0,0.0,,0,0,0,,,,0.0,,,
premarket_continuation_0p875_1p5r,premarket_momentum_continuation,DEVELOPMENT,SHORT_TRADES,0,0.0,0.0,0.0,,,,,,,,0.0,0.0,,0,0,0,,,,0.0,,,
opening_drive_0p25_time,opening_drive_continuation,DEVELOPMENT,ALL_TRADES,106,2590.0,158585.0,-155995.0,1.016603096253085,0.4716981132075472,24.433962264150942,-450.0,3171.7,-2785.625,1.138595467803455,-45395.0,-45.395,0.05705474171164225,49,4,5,-39120.0,-28360.0,3195.0,189.78286764705882,236.04716981132074,355.0,1.6289308176100628
opening_drive_0p25_time,opening_drive_continuation,DEVELOPMENT,LONG_TRADES,61,-4495.0,81690.0,-86185.0,0.9478447525671521,0.4918032786885246,-73.68852459016394,-335.0,2723.0,-2780.1612903225805,0.9794395776527238,-36475.0,-36.475,-0.12323509252912954,23,0,6,-28735.0,-17540.0,,109.21466911764706,224.62295081967213,355.0,-4.912568306010929
opening_drive_0p25_time,opening_drive_continuation,DEVELOPMENT,SHORT_TRADES,45,7085.0,76895.0,-69810.0,1.101489757914339,0.4444444444444444,157.44444444444446,-640.0,3844.75,-2792.4,1.3768621973929236,-19030.0,-19.03,0.3723068838675775,14,3,6,-13430.0,,,80.56819852941177,251.53333333333333,355.0,10.496296296296297
opening_drive_0p25_1p5r,opening_drive_continuation,DEVELOPMENT,ALL_TRADES,106,9127.5,162527.5,-153400.0,1.0595013037809649,0.5094339622641509,86.10849056603773,72.5,3009.7685185185187,-2950.0,1.0202605147520403,-45697.5,-45.697500000000005,0.19973740357787625,36,4,5,-44655.0,-36140.0,7950.0,189.78286764705882,180.99056603773585,119.5,5.7405660377358485
opening_drive_0p25_1p5r,opening_drive_continuation,DEVELOPMENT,LONG_TRADES,61,-2662.5,81702.5,-84365.0,0.968440704083447,0.5245901639344263,-43.64754098360656,430.0,2553.203125,-2909.137931034483,0.8776493880756238,-36487.5,-36.4875,-0.07297019527235354,42,0,6,-29400.0,-21130.0,,109.21466911764706,175.7377049180328,112.0,-2.9098360655737707
opening_drive_0p25_1p5r,opening_drive_continuation,DEVELOPMENT,SHORT_TRADES,45,11790.0,80825.0,-69035.0,1.1707829361917867,0.4888888888888889,262.0,-325.0,3673.8636363636365,-3001.521739130435,1.2240003423823225,-19890.0,-19.89,0.5927601809954751,24,3,4,-17750.0,,,80.56819852941177,188.11111111111111,147.0,17.466666666666665
opening_drive_0p50_time,opening_drive_continuation,DEVELOPMENT,ALL_TRADES,69,-6505.0,102595.0,-109100.0,0.9403758020164986,0.4782608695652174,-94.27536231884058,-325.0,3108.939393939394,-3030.5555555555557,1.0258645112907259,-43730.0,-43.730000000000004,-0.14875371598445003,27,2,7,-40700.0,-28300.0,,123.53790441176471,253.85507246376812,355.0,-6.2850241545893715
opening_drive_0p50_time,opening_drive_continuation,DEVELOPMENT,LONG_TRADES,38,-5620.0,50480.0,-56100.0,0.8998217468805704,0.5,-147.89473684210526,47.5,2656.842105263158,-2952.6315789473683,0.8998217468805705,-26400.0,-26.400000000000002,-0.2128787878787879,13,0,6,-10095.0,,,68.03536764705883,238.6315789473684,355.0,-9.859649122807017
opening_drive_0p50_time,opening_drive_continuation,DEVELOPMENT,SHORT_TRADES,31,-885.0,52115.0,-53000.0,0.9833018867924528,0.45161290322580644,-28.548387096774192,-325.0,3722.5,-3117.6470588235293,1.1940094339622642,-26260.0,-26.26,-0.033701447067783705,15,1,5,-17465.0,,,55.50253676470589,272.51612903225805,355.0,-1.9032258064516128
opening_drive_0p50_1p5r,opening_drive_continuation,DEVELOPMENT,ALL_TRADES,69,1782.5,110412.5,-108630.0,1.0164089109822332,0.5072463768115942,25.833333333333332,305.0,3154.6428571428573,-3195.0,0.987368656382741,-46832.5,-46.832499999999996,0.03806117546575562,27,2,7,-43802.5,-31380.0,,123.53790441176471,208.81159420289856,255.0,1.722222222222222
opening_drive_0p50_1p5r,opening_drive_continuation,DEVELOPMENT,LONG_TRADES,38,-3332.5,52432.5,-55765.0,0.9402402940912759,0.5263157894736842,-87.69736842105263,457.5,2621.625,-3098.0555555555557,0.8462162646821483,-27490.0,-27.49,-0.12122590032739178,25,0,6,-15475.0,,,68.03536764705883,199.73684210526315,202.5,-5.8464912280701755
opening_drive_0p50_1p5r,opening_drive_continuation,DEVELOPMENT,SHORT_TRADES,31,5115.0,57980.0,-52865.0,1.096755887638324,0.4838709677419355,165.0,-325.0,3865.3333333333335,-3304.0625,1.1698729468142124,-29362.5,-29.362500000000004,0.17420178799489144,15,1,5,-16947.5,,,55.50253676470589,219.93548387096774,317.0,11.0
opening_drive_0p75_time,opening_drive_continuation,DEVELOPMENT,ALL_TRADES,27,7770.0,49250.0,-41480.0,1.1873191899710704,0.5185185185185185,287.77777777777777,305.0,3517.8571428571427,-3190.769230769231,1.102510676401708,-12605.0,-12.605,0.6164220547401824,6,3,4,5540.0,,,48.34091911764706,284.6296296296296,355.0,19.185185185185183
opening_drive_0p75_time,opening_drive_continuation,DEVELOPMENT,LONG_TRADES,13,-5230.0,14375.0,-19605.0,0.7332313185411885,0.46153846153846156,-402.3076923076923,-565.0,2395.8333333333335,-2800.714285714286,0.8554365382980532,-11720.0,-11.72,-0.4462457337883959,9,5,4,,,,23.27525735294118,245.46153846153845,355.0,-26.82051282051282
opening_drive_0p75_time,opening_drive_continuation,DEVELOPMENT,SHORT_TRADES,14,13000.0,34875.0,-21875.0,1.5942857142857143,0.5714285714285714,928.5714285714286,1435.0,4359.375,-3645.8333333333335,1.1957142857142857,-11490.0,-11.49,1.1314186248912097,5,0,2,,,,25.065661764705883,321.0,355.0,61.904761904761905
opening_drive_0p75_1p5r,opening_drive_continuation,DEVELOPMENT,ALL_TRADES,27,10340.0,51820.0,-41480.0,1.2492767598842816,0.5185185185185185,382.962962962963,305.0,3701.4285714285716,-3190.769230769231,1.160042705606833,-13712.5,-13.7125,0.754056517775752,12,0,4,9520.0,,,48.34091911764706,260.1111111111111,355.0,25.530864197530867
opening_drive_0p75_1p5r,opening_drive_continuation,DEVELOPMENT,LONG_TRADES,13,-5230.0,14375.0,-19605.0,0.7332313185411885,0.46153846153846156,-402.3076923076923,-565.0,2395.8333333333335,-2800.714285714286,0.8554365382980532,-11720.0,-11.72,-0.4462457337883959,9,5,4,,,,23.27525735294118,245.46153846153845,355.0,-26.82051282051282
opening_drive_0p75_1p5r,opening_drive_continuation,DEVELOPMENT,SHORT_TRADES,14,15570.0,37445.0,-21875.0,1.7117714285714285,0.5714285714285714,1112.142857142857,1817.5,4680.625,-3645.8333333333335,1.2838285714285713,-11490.0,-11.49,1.3550913838120104,5,0,2,,,,25.065661764705883,273.7142857142857,355.0,74.14285714285714
opening_drive_1p00_time,opening_drive_continuation,DEVELOPMENT,ALL_TRADES,0,0.0,0.0,0.0,,,,,,,,0.0,0.0,,0,0,0,,,,0.0,,,
opening_drive_1p00_time,opening_drive_continuation,DEVELOPMENT,LONG_TRADES,0,0.0,0.0,0.0,,,,,,,,0.0,0.0,,0,0,0,,,,0.0,,,
opening_drive_1p00_time,opening_drive_continuation,DEVELOPMENT,SHORT_TRADES,0,0.0,0.0,0.0,,,,,,,,0.0,0.0,,0,0,0,,,,0.0,,,
opening_drive_1p00_1p5r,opening_drive_continuation,DEVELOPMENT,ALL_TRADES,0,0.0,0.0,0.0,,,,,,,,0.0,0.0,,0,0,0,,,,0.0,,,
opening_drive_1p00_1p5r,opening_drive_continuation,DEVELOPMENT,LONG_TRADES,0,0.0,0.0,0.0,,,,,,,,0.0,0.0,,0,0,0,,,,0.0,,,
opening_drive_1p00_1p5r,opening_drive_continuation,DEVELOPMENT,SHORT_TRADES,0,0.0,0.0,0.0,,,,,,,,0.0,0.0,,0,0,0,,,,0.0,,,
orb_control_exp005_15m_both_time,opening_range_breakout_control,CONTROL,ALL_TRADES,139,-23820.0,183910.0,-207730.0,0.8853319212439223,0.45323741007194246,-171.36690647482015,-565.0,2919.2063492063494,-2733.2894736842104,1.068019460548224,-74605.0,-74.605,-0.3192815494940017,68,7,5,-40255.0,-64300.0,-59615.0,248.86621323529414,248.0071942446043,340.0,-11.424460431654676
orb_control_exp005_15m_both_time,opening_range_breakout_control,CONTROL,LONG_TRADES,76,15.0,99340.0,-99325.0,1.0001510193808205,0.5,0.19736842105263158,0.0,2614.2105263157896,-2613.815789473684,1.0001510193808205,-29710.0,-29.709999999999997,0.0005048805116122518,27,2,6,-29660.0,-20885.0,,136.07073529411767,254.67105263157896,345.0,0.013157894736842106
orb_control_exp005_15m_both_time,opening_range_breakout_control,CONTROL,SHORT_TRADES,63,-23835.0,84570.0,-108405.0,0.7801300678013007,0.3968253968253968,-378.3333333333333,-1460.0,3382.8,-2852.7631578947367,1.1857977030579772,-62590.0,-62.59,-0.38081163125099854,36,5,7,-45105.0,-36410.0,,112.79547794117647,239.96825396825398,330.0,-25.22222222222222
orb_control_exp007_30m_long_1r,opening_range_breakout_control,CONTROL,ALL_TRADES,90,25715.0,105110.0,-79395.0,1.3238868946407205,0.6333333333333333,285.72222222222223,640.0,1844.0350877192982,-2405.909090909091,0.7664608337393645,-28920.0,-28.92,0.88917704011065,21,6,5,-23075.0,-1965.0,,161.13639705882355,148.43333333333334,170.0,19.048148148148147
orb_control_exp007_30m_long_1r,opening_range_breakout_control,CONTROL,LONG_TRADES,90,25715.0,105110.0,-79395.0,1.3238868946407205,0.6333333333333333,285.72222222222223,640.0,1844.0350877192982,-2405.909090909091,0.7664608337393645,-28920.0,-28.92,0.88917704011065,21,6,5,-23075.0,-1965.0,,161.13639705882355,148.43333333333334,170.0,19.048148148148147
orb_control_exp007_30m_long_1r,opening_range_breakout_control,CONTROL,SHORT_TRADES,0,0.0,0.0,0.0,,,,,,,,0.0,0.0,,0,0,0,,,,0.0,,,
